location,total_death_count
United States,576232.0
Brazil,403781.0
Mexico,216907.0
India,211853.0
United Kingdom,127775.0
Italy,120807.0
Russia,108290.0
France,104675.0
Germany,83097.0
Spain,78216.0
Colombia,73720.0
Iran,71758.0
Poland,67502.0
Argentina,63865.0
Peru,61477.0
South Africa,54350.0
Ukraine,45923.0
Indonesia,45521.0
Turkey,40131.0
Czechia,29267.0
Romania,28109.0
Hungary,27540.0
Chile,26353.0
Belgium,24230.0
Canada,24220.0
Ecuador,18631.0
Pakistan,17957.0
Netherlands,17398.0
Philippines,17234.0
Portugal,16974.0
Bulgaria,16399.0
Iraq,15465.0
Sweden,14048.0
Egypt,13339.0
Bolivia,12951.0
Slovakia,11684.0
Bangladesh,11450.0
Tunisia,10722.0
Switzerland,10632.0
Greece,10381.0
Austria,10205.0
Japan,10199.0
Morocco,9023.0
Jordan,8836.0
Bosnia and Herzegovina,8551.0
Guatemala,7524.0
Lebanon,7278.0
Croatia,7081.0
Saudi Arabia,6957.0
Paraguay,6385.0
Israel,6363.0
Serbia,6362.0
Panama,6232.0
Moldova,5812.0
Honduras,5281.0
Ireland,4903.0
North Macedonia,4855.0
China,4845.0
Azerbaijan,4517.0
Slovenia,4250.0
Georgia,4110.0
Armenia,4108.0
Lithuania,3923.0
Ethiopia,3688.0
Dominican Republic,3480.0
Kazakhstan,3334.0
Nepal,3279.0
Algeria,3253.0
Palestine,3249.0
Costa Rica,3231.0
Myanmar,3209.0
Libya,3029.0
Kenya,2724.0
Afghanistan,2625.0
Uruguay,2616.0
Belarus,2542.0
Denmark,2484.0
Albania,2394.0
Sudan,2349.0
Venezuela,2136.0
Kosovo,2134.0
Latvia,2131.0
El Salvador,2124.0
Nigeria,2063.0
Oman,2010.0
South Korea,1831.0
Kyrgyzstan,1604.0
Syria,1592.0
United Arab Emirates,1587.0
Zimbabwe,1567.0
Kuwait,1563.0
Malaysia,1506.0
Montenegro,1495.0
Zambia,1251.0
Yemen,1226.0
Estonia,1161.0
Malawi,1148.0
Senegal,1107.0
Cameroon,1107.0
Finland,914.0
Australia,910.0
Mozambique,814.0
Luxembourg,796.0
Ghana,779.0
Jamaica,778.0
Democratic Republic of Congo,766.0
Norway,756.0
Somalia,713.0
Botswana,712.0
Sri Lanka,678.0
Eswatini,671.0
Uzbekistan,649.0
Bahrain,646.0
Cuba,644.0
Madagascar,643.0
Namibia,642.0
Angola,596.0
Mali,484.0
Qatar,458.0
Mauritania,455.0
Malta,413.0
Uganda,342.0
Rwanda,335.0
Belize,323.0
Lesotho,316.0
Cyprus,308.0
Guyana,296.0
Cote d'Ivoire,286.0
Haiti,254.0
Cape Verde,217.0
Suriname,204.0
Thailand,203.0
Bahamas,199.0
Niger,191.0
Nicaragua,182.0
Gambia,174.0
Chad,170.0
Trinidad and Tobago,169.0
Burkina Faso,157.0
Comoros,146.0
Guinea,144.0
Congo,144.0
Djibouti,143.0
Gabon,139.0
Andorra,125.0
Togo,123.0
South Sudan,115.0
Mongolia,115.0
Equatorial Guinea,112.0
Papua New Guinea,107.0
Benin,99.0
Cambodia,93.0
Tajikistan,90.0
San Marino,90.0
Central African Republic,88.0
Liberia,85.0
Sierra Leone,79.0
Saint Lucia,74.0
Maldives,73.0
Guinea-Bissau,67.0
Liechtenstein,57.0
Barbados,44.0
Vietnam,35.0
Sao Tome and Principe,35.0
Monaco,32.0
Antigua and Barbuda,32.0
Singapore,30.0
Iceland,29.0
Seychelles,28.0
New Zealand,26.0
Tanzania,21.0
Mauritius,17.0
Taiwan,12.0
Saint Vincent and the Grenadines,11.0
Eritrea,10.0
Burundi,6.0
Timor,3.0
Brunei,3.0
Fiji,2.0
Vanuatu,1.0
Grenada,1.0
Bhutan,1.0
Vatican,
Turks and Caicos Islands,
Tonga,
Solomon Islands,
Samoa,
Saint Kitts and Nevis,
Saint Helena,
Northern Cyprus,
Nauru,
Montserrat,
Micronesia (country),
Marshall Islands,
Macao,
Laos,
Jersey,
Isle of Man,
Hong Kong,
Guernsey,
Greenland,
Gibraltar,
Falkland Islands,
Faeroe Islands,
Dominica,
Curacao,
Cayman Islands,
Bermuda,
Aruba,
Anguilla,
