youtuber,country,channel_type,video_views_for_the_last_30_days,subscribers
Happy Lives,United States,Entertainment,6589000000.0,23200000
Dan-Sa / Daniel Saboya,Brazil,Music,6148000000.0,18500000
ï¿½ï¿½ï¿½ï¿½ï¿½ï¿½ï¿½ï¿½ï¿½ KIMPRO,South Korea,People,3404000000.0,17700000
DaFuq!?Boom!,United States,Entertainment,2304000000.0,19600000
Calon Sarjana,Indonesia,Entertainment,2292000000.0,13000000
T-Series,India,Music,2258000000.0,245000000
KL BRO Biju Rithvik,,Entertainment,2033000000.0,22800000
Cocomelon - Nursery Rhymes,United States,Education,1975000000.0,162000000
SET India,India,Entertainment,1824000000.0,159000000
Zee TV,India,Entertainment,1707000000.0,70500000
